<?xml version="1.0" encoding="utf-8"?>
<Module>
	<Name value="Council Of the Commons Tweak"/>
	<Id value="CouncilOfTheCommonsTweak"/>
	<Version value="v1.1.0"/>
	<DefaultModule value="false"/>
	<SingleplayerModule value="true"/>
	<MultiplayerModule value="false"/>
  	<Official value="false"/>
	<DependedModules>
         <DependedModule Id="Native"/>
         <DependedModule Id="SandBoxCore"/>
         <DependedModule Id="Sandbox"/>
         <DependedModule Id="CustomBattle"/>
         <DependedModule Id="StoryMode" />
	</DependedModules>
	<SubModules>
		<SubModule>
			<Name value="CouncilOfTheCommonsTweak"/>
			<DLLName value="CouncilOfTheCommonsTweak.dll"/>
			<SubModuleClassType value="CouncilOfTheCommonsTweak.CouncilOfTheCommonsTweakSubModule"/>
			<Tags>
				<Tag key="DedicatedServerType" value="none" />
				<Tag key="IsNoRenderModeElement" value="false" />
			</Tags>
		</SubModule>
	</SubModules>
	<Xmls/>
</Module>